id;matricule;nom;prenoms;nombre_de_jour;montant;date_prise_service
1;56568;solutions syndicate;card Concrete Mississippi;63;69461;2020-04-24
2;40242;Montana Alabama Concrete;Lithuania East Caribbean Dollar;53;82402;2020-04-25
3;75502;Ethiopian Birr Avon;users firewall;44;52384;2020-04-25
4;30946;compress;withdrawal collaborative Automotive;60;63737;2020-04-25
5;88616;Markets;metrics Team-oriented;85;85528;2020-04-24
6;19406;Face to face purple;functionalities back-end indigo;37;13316;2020-04-25
7;91135;Architect AGP;Palladium;49;73598;2020-04-25
8;3403;invoice Borders;Fantastic;6;92816;2020-04-24
9;15291;multi-state Cordoba Oro Small Metal Table;Program THX;21;29353;2020-04-24
10;30498;Associate synthesize;monitoring invoice B2B;60;53985;2020-04-24
