id;matricule;nom;prenoms;nombre_de_jours;montant;prise_service
1;73319;hack Martinique;magenta Indian Rupee Games;46;41875;2020-04-25
2;69258;Home Loan Account;CSS magenta;37;31001;2020-04-25
3;10357;morph Human;needs-based Soft;39;34143;2020-04-25
4;58737;Borders applications;Bedfordshire Fantastic Rubber Chicken;45;29347;2020-04-25
5;15925;local;Berkshire Gibraltar Pound Functionality;27;26822;2020-04-25
6;93177;bleeding-edge virtual;Buckinghamshire;59;29101;2020-04-25
7;13210;Intelligent Concrete Table;Unbranded;85;24455;2020-04-24
8;11420;quantify concept Planner;Licensed;81;43450;2020-04-25
9;51852;Cambridgeshire Keys;intermediate Personal Loan Account turquoise;8;19055;2020-04-24
10;30317;neural bypassing auxiliary;fuchsia program Unbranded Wooden Chips;83;78873;2020-04-25
