id;matricule;nom;prenoms;nombre_de_jours;taux;montant;date_prise_service
1;2664;Unbranded Steel Bacon facilitate Cambridgeshire;Spur yellow Afghanistan;144;69985;30029;2020-04-24
2;91398;radical Rustic Metal Chair;Rubber web services Hat;58;81500;65100;2020-04-25
3;68780;Square Human Auto Loan Account;Vermont;42;93385;68966;2020-04-25
4;50991;Configurable auxiliary Avon;Tools Global;135;66828;10417;2020-04-25
5;80010;sky blue;bandwidth Venezuela;97;44677;56308;2020-04-25
6;46455;Developer Identity focus group;markets blue;147;5155;97940;2020-04-24
7;11734;Markets Grass-roots;Creative Adaptive;80;83742;3133;2020-04-24
8;37761;white haptic;Libyan Dinar Organized Kids;144;48379;3675;2020-04-25
9;74055;Ergonomic Frozen Chair bypass;invoice;2;82471;56120;2020-04-25
10;26865;programming Down-sized magnetic;foreground;142;73790;16701;2020-04-24
